,num_orders,mean_lag,mean_products,C3
0,-0.04572018455714378,0.5723903063206852,-0.1250962053118748,1
1,0.3480134290274916,0.16507004243504234,-0.7640853811187284,1
2,0.16635063043266843,-0.47806721799037993,-1.5290945180081112,1
3,-0.8151938200976719,0.2722595850889523,1.9652141334044275,2
4,-1.0466462938127945,-0.5530998982983132,-1.5118386732452165,1
5,-1.3299212276902992,-0.2779800710027758,0.8435841957755102,2
6,0.7751561809427275,-0.7106685269449731,-0.9990935590608013,0
7,-1.3299212276902992,1.2226735351558884,0.5631767113682808,2
8,-1.3299212276902992,1.0225863881682846,0.2827692269610515,2
9,-0.8151938200976719,0.9925733160451115,0.2827692269610515,2
10,-0.44998891244264055,0.5295144883587288,1.9652141334044275,2
11,-0.8151938200976719,1.6228478306317504,-0.09110741854137779,1
12,0.16635063043266843,-1.1283504472757793,0.11021077484558267,0
13,0.26042877335010006,0.9071514952714139,0.9237006194111631,2
14,0.8906424869738587,-0.6827018001026873,-0.4487285584003454,0
15,-0.6195035418975585,0.6224120926924226,-1.1593264074537364,1
16,1.6244972812977092,-1.0783286604538458,0.5563375044041625,0
17,-0.6195035418975585,-1.403470275171578,0.2827692269610515,0
18,-0.1667139785651353,-0.8782415130160455,2.077377127167319,2
19,-1.0466462938127945,-0.5906162384522797,-1.0631866981936493,1
20,1.386837098452227,-0.7099864123515616,-0.7069042472194705,0
21,0.4299434028050183,-0.3680192873722956,0.7033804535718955,0
22,-1.0466462938127945,0.497357626012752,0.05844323943526783,1
23,0.6481028337230273,-0.07789292251451822,-0.24852916507868159,0
24,-1.3299212276902992,2.223109273095216,-1.1192681950750953,1
25,0.16635063043266843,-0.45305632405418433,0.8867238082435625,2
26,2.5044295965453682,-1.6137470459259158,0.10494984701560019,0
27,0.9964932705600276,-0.5468471744391009,-1.0183215006884925,0
28,0.6481028337230273,-0.536425969507734,1.0502002365634806,0
29,-0.3004664125050444,0.9663118779373346,-1.5866140027943543,1
30,0.7751561809427275,-1.4459887939627187,-0.518395013881995,0
31,-0.8151938200976719,1.0525994602914577,-0.6519223873558365,1
32,-1.3299212276902992,1.5228042563876214,0.2827692269610515,2
33,-0.8151938200976719,1.0225863881682846,-0.09110741854137779,1
34,-0.1667139785651353,0.9225428139241555,1.404399164589969,2
35,1.5280351489706863,-0.8471468886253186,0.19421949551524417,0
36,0.9446708103976458,-0.249706886683655,0.7033804535718955,0
37,0.16635063043266843,0.985070048014318,0.3690484530187859,2
38,-0.44998891244264055,-0.5852567606442902,1.1239916801827396,2
39,-0.1667139785651353,-0.4113715028280631,-1.624001667008108,1
40,-0.8151938200976719,1.7128870470012705,-1.3996756794823246,1
41,0.5069047832045681,-0.19669466683563033,-0.9048389418312488,0
42,0.06473849514998695,-0.5053518287386005,-0.18457658075820726,0
43,-1.3299212276902992,2.223109273095216,-2.8017131015184713,1
44,-1.0466462938127945,0.08467788431911928,0.7314212020126184,2
45,0.713218336682523,0.32754682281567826,-2.016572145178229,1
46,-0.8151938200976719,-0.8382240834684594,1.2174608412779395,2
47,-0.04572018455714378,0.8575144914908313,3.035860892560044,2
48,-0.3004664125050444,1.4540242999389006,0.15814367846024174,1
49,2.266769413699886,-1.4635710787356155,0.051845416206766984,0
50,-1.3299212276902992,0.0221506502289571,-0.2780457418534072,1
51,1.1403610885977589,-0.9504952050921721,-1.0391517714394425,0
52,-1.3299212276902992,0.0221506502289571,0.002361742553822158,1
53,2.440942668520613,-1.5694516588739718,0.7429250985212152,0
54,-0.44998891244264055,0.6367040325132931,-1.3996756794823246,1
55,0.16635063043266843,-1.2283940210697122,-1.6153737440658456,0
56,0.3480134290274916,-1.0676097061884546,1.3296238350408314,0
57,0.4299434028050183,-0.908254585139219,-0.2780457418534072,0
58,-0.04572018455714378,0.13720076053467276,-0.8388607106678659,1
59,-0.3004664125050444,1.5478151503238171,0.15814367846024174,1
60,-1.0466462938127945,1.1351354086301844,0.7314212020126184,2
61,-0.04572018455714378,0.24224651296577915,0.07883651082458812,2
62,1.593150651930182,-0.8936328319689181,0.08648398787599117,0
63,-0.04572018455714378,-0.5230868261751399,1.098500090385274,2
64,0.3480134290274916,-0.177936496758647,-0.39020873561629904,0
65,-0.6195035418975585,2.048033018543154,0.12253637856811608,1
66,0.9964932705600276,-1.1596140641707953,-1.0631866981936493,0
67,-0.6195035418975585,1.9980112321714165,1.0839334678040982,2
68,-0.8151938200976719,-0.5981195064830732,-0.6519223873558365,1
69,0.26042877335010006,0.7109121771966685,1.0839334678040982,2
70,0.9446708103976458,-0.11921526836533973,0.3762383880562514,0
71,0.16635063043266843,0.19722690478101912,1.404399164589969,2
72,-0.44998891244264055,1.2155275667461074,0.14256548475743683,1
73,-0.8151938200976719,0.1221942244730859,0.4697075502730809,2
74,0.9446708103976458,-0.9674107851834085,0.23603464585263678,0
75,-0.1667139785651353,0.8891949563429973,0.17060623319815968,2
76,0.16635063043266843,-0.07789292251451822,-1.4428152919503767,1
77,-0.6195035418975585,-0.05288203007897613,0.2827692269610515,2
78,-0.44998891244264055,0.7010177587059003,-2.8017131015184713,1
79,0.16635063043266843,-0.8782415130160455,-0.7525814846101315,0
80,-0.44998891244264055,0.8725210275524181,-0.13784199964979252,1
81,0.713218336682523,-0.5886416949444858,-0.4462902324977447,0
82,-0.6195035418975585,0.7224556669365517,0.2827692269610515,2
83,-0.3004664125050444,0.9663118779373346,-0.8388607106678659,1
84,-0.44998891244264055,0.1865079506656937,0.2827692269610515,2
85,0.5794659027426139,0.6341819260157229,-0.8388607106678659,1
86,1.1403610885977589,-0.7448500816409542,-0.3181039542320487,0
87,-0.44998891244264055,0.46520076366677526,0.8435841957755102,2
88,0.7751561809427275,-0.8982502277148061,-1.319559255846672,0
89,2.3393305332379315,-1.7610203714774582,0.9058969705867298,0
90,0.4299434028050183,-0.7681935813475038,0.6332785824700882,0
91,-0.8151938200976719,1.3227171094000174,0.2827692269610515,2
92,0.3480134290274916,-0.37087767533646965,1.2548485066133233,2
93,-0.1667139785651353,0.17221601084482327,1.7408881458786438,2
94,-0.3004664125050444,0.8912791976294014,0.5320203239626711,2
95,0.5069047832045681,-0.3842763676054634,0.21679099579766858,0
96,-0.8151938200976719,0.7824818111828981,0.0958309036490221,1
97,0.3480134290274916,0.8725210275524181,0.6566458724634808,2
98,0.6481028337230273,0.4139879805592026,-0.1304628557365186,1
99,-0.8151938200976719,1.7429001191244438,0.0958309036490221,1
100,0.7751561809427275,-0.09540054841992036,0.38959112551579844,0
101,-0.6195035418975585,1.5978369366955545,0.12253637856811608,1
102,0.5794659027426139,-0.42510297253749046,0.0958309036490221,0
103,-0.8151938200976719,0.30227265721212554,0.0958309036490221,2
104,-0.44998891244264055,0.9582726619756767,0.002361742553822158,1
105,-1.3299212276902992,-0.8782415130160455,1.6848066489971982,2
106,0.4299434028050183,0.1422029387216501,-0.06774012854798518,0
107,-0.44998891244264055,0.7010177587059003,-1.680083163889554,1
108,-0.6195035418975585,0.7474665608727475,-1.6400249515109127,1
109,0.7751561809427275,0.08467788431911928,-1.0525045077773598,1
110,-0.44998891244264055,0.3794491277428623,1.8250103912008129,2
111,1.0941933103352413,-1.0898721497435329,0.3658529259615912,0
112,-0.8151938200976719,0.15220729659625906,1.5913374879019988,2
113,-1.0466462938127945,-1.2659103612236788,-1.736164660771,1
114,0.16635063043266843,0.17221601084482327,0.19649000090331709,2
115,-0.6195035418975585,-0.4030345376824467,0.2827692269610515,2
116,0.06473849514998695,0.6406018331912368,0.0958309036490221,1
117,1.1403610885977589,-0.28353804626586654,-0.9189771343035186,0
118,-1.3299212276902992,0.4723467320765562,-0.5584532262606365,1
119,-1.3299212276902992,0.9225428139241555,0.002361742553822158,1
120,-0.04572018455714378,0.7974883472444849,-0.5329616364631711,1
121,1.2279457442751505,-0.9748353083670683,1.5165621583528603,0
122,-0.04572018455714378,0.7824818111828981,-1.3486925010090238,1
123,-0.3004664125050444,0.10343605439610258,-1.9604906482967832,1
124,0.26042877335010006,-0.5126976857093757,0.44300207535398695,0
125,-0.04572018455714378,1.3377236454616044,-1.1447597848725608,1
126,0.5794659027426139,-0.31917448313236524,-0.9011734854790858,0
127,0.06473849514998695,0.17676344596952706,-0.6519223873558365,1
128,0.06473849514998695,-0.8464094668429909,-0.6519223873558365,0
129,-1.3299212276902992,1.3227171094000174,1.9652141334044275,2
130,-0.1667139785651353,0.6224120926924226,0.39493222072394335,2
131,0.9964932705600276,-1.766128229893212,-0.43507393312145576,0
132,0.7751561809427275,-1.2809168972852654,-0.03769646982481933,0
133,-0.6195035418975585,1.0475972821044803,0.6032349237469223,2
134,-1.0466462938127945,-0.29048551722054683,-1.0631866981936493,1
135,-1.0466462938127945,0.08467788431911928,-2.40914262334835,1
136,-0.6195035418975585,1.0475972821044803,1.2441663161970336,2
137,1.348939538283142,-0.6093744085292631,0.3167580126099185,0
138,-1.0466462938127945,-0.4030345376824467,0.2827692269610515,2
139,2.4245621317309145,-1.5581429055729943,0.4284354527728109,0
140,-1.0466462938127945,-1.1158450006078122,0.2827692269610515,2
141,1.7705748022215175,-1.2050505204627704,0.185236188613764,0
142,0.3480134290274916,-1.0783286604538458,2.3017031146931024,2
143,-0.44998891244264055,-1.1855182037080174,-0.8388607106678659,0
144,-0.3004664125050444,-1.2283940210697122,0.15814367846024174,0
145,1.6244972812977092,-0.9170083977917894,-0.10022636190795586,0
146,0.26042877335010006,0.2722595850889523,-0.758744287032213,1
147,-0.44998891244264055,-0.7996358479029603,1.404399164589969,2
148,0.4299434028050183,0.26225522721434336,1.404399164589969,2
149,1.3098757180526772,-0.7055856676175137,0.4229729691646662,0
150,0.06473849514998695,-1.2829632431664146,0.002361742553822158,0
151,2.2288718535308,-1.4431029216778133,0.0958309036490221,0
152,0.713218336682523,-0.6202344015737635,-1.736164660771,0
153,1.4593982179902727,-0.8467992469107851,-1.7112395512951637,0
154,0.8906424869738587,0.01987693341693207,-0.9851602681887974,0
155,-1.3299212276902992,-0.8782415130160455,-1.680083163889554,1
156,-1.0466462938127945,-1.528524742301445,0.05844323943526783,2
157,-0.8151938200976719,0.3322857293352987,-0.8388607106678659,1
158,-1.0466462938127945,1.3227171094000174,0.955747189538402,2
159,0.16635063043266843,-0.1029038164507138,-1.3565360670142723,1
160,0.7751561809427275,0.21973670887339886,0.17594732840630456,0
161,0.3480134290274916,-1.4534920619935119,-0.016332090113869744,0
162,0.06473849514998695,-0.9146209943138036,-0.18457658075820726,0
163,-0.04572018455714378,0.3172791932737124,0.6906346592339778,2
164,-0.44998891244264055,1.065462206130241,-0.13784199964979252,1
165,-0.6195035418975585,1.1476408548479553,-0.6786278622749304,1
166,-0.8151938200976719,0.3322857293352987,0.4697075502730809,2
167,0.8906424869738587,-0.9760113690975611,0.03893663221446254,0
168,-0.6195035418975585,0.6974447730003559,0.9237006194111631,2
169,-1.3299212276902992,2.223109273095216,-0.8388607106678659,1
170,-0.6195035418975585,-0.7281761528503752,0.44300207535398695,2
171,-0.6195035418975585,-0.45305632405418433,-0.6786278622749304,1
172,1.7426731518677774,-1.3716382289985234,-0.19080785756635119,0
173,1.1403610885977589,-0.6003426962881786,-0.518395013881995,0
174,0.9446708103976458,-1.4893772569560157,-0.2780457418534072,0
175,-0.6195035418975585,1.172651748784151,-1.1593264074537364,1
176,0.3480134290274916,-1.2927077471122543,-0.5397593935929447,0
177,-0.8151938200976719,-0.2079495688818202,-0.2780457418534072,1
178,-0.8151938200976719,0.5723903063206852,-0.2780457418534072,1
179,-0.6195035418975585,1.4977933639520797,2.2055634054330153,2
180,-0.04572018455714378,0.9025340996755913,-1.552625216023857,1
181,1.0941933103352413,-0.4030345376824467,1.1551480675883494,0
182,-1.0466462938127945,0.00964520401118605,0.05844323943526783,2
183,0.06473849514998695,1.254505582529466,0.18930006586585157,1
184,-0.6195035418975585,2.0980548064155458,-0.03769646982481933,1
185,-0.44998891244264055,-0.37087767533646965,1.404399164589969,2
186,1.348939538283142,-1.2471521911466954,-0.2610513490289737,0
187,-0.8151938200976719,-1.2283940210697122,-0.09110741854137779,0
188,0.06473849514998695,-0.05515574689100115,-0.745391549572666,1
189,0.5794659027426139,-0.08083538159567003,0.4697075502730809,0
190,-1.0466462938127945,-1.5660410824554116,-0.16588274809051534,0
191,-0.8151938200976719,2.193096200972043,-0.6519223873558365,1
192,-0.8151938200976719,0.48235108995116516,-0.6519223873558365,1
193,-0.1667139785651353,0.1221942244730859,1.0679101833012938,2
194,2.086541860014896,-1.4560793957506617,0.4158439655519326,0
195,-1.3299212276902992,1.0225863881682846,-0.5584532262606365,1
196,0.7751561809427275,-1.7386162471636581,0.9237006194111631,0
197,-0.8151938200976719,-0.057884208265953745,-1.0257990339798955,1
198,-1.3299212276902992,0.07217243810134823,2.526029102218886,2
199,-0.1667139785651353,1.0225863881682846,-0.16588274809051534,1
200,-0.44998891244264055,-0.7996358479029603,-0.13784199964979252,0
201,0.26042877335010006,0.6185642637795642,-0.11781289346047177,1
202,-1.3299212276902992,0.7224556669365517,0.002361742553822158,1
203,2.086541860014896,-1.3344747070637046,0.13068381206954735,0
204,0.16635063043266843,-0.12791471038690935,-0.7525814846101315,1
205,1.1849086062861134,-0.41911296960576194,1.2496915875274566,0
206,-1.3299212276902992,1.4227606836441467,0.002361742553822158,1
207,0.6481028337230273,-0.8282197260440466,-0.8388607106678659,0
208,0.713218336682523,-0.37539091806875685,-1.1753496919565412,0
209,2.756357901055346,-1.7786336767112443,0.04722694005897889,0
210,-1.0466462938127945,-1.1908776809157455,-0.39020873561629904,1
211,0.16635063043266843,-0.05288203007897613,-0.234906129385355,1
212,-0.8151938200976719,0.2722595850889523,0.4697075502730809,2
213,1.1403610885977589,-0.5280890043621176,-1.3596174671036834,0
214,-0.8151938200976719,1.6528609027549235,0.2827692269610515,2
215,0.5794659027426139,-0.07200800735352182,1.3420863897787492,2
216,0.06473849514998695,0.5314633901983543,0.0958309036490221,1
217,-0.6195035418975585,-0.12791471038690935,0.44300207535398695,2
218,1.386837098452227,-0.7372710230997819,0.2497801108185453,0
219,0.5069047832045681,0.45046220082029376,-1.8945124171334005,1
220,0.9446708103976458,-0.5367884463836872,-0.09110741854137779,0
221,2.3215753628677587,-1.4963678793552064,0.23537641283721922,0
222,1.8764255858076864,-1.16408029502717,-1.803462457028735,0
223,-1.3299212276902992,0.3723031593330814,0.002361742553822158,1
224,0.06473849514998695,0.040340390727770646,0.18930006586585157,2
225,0.834212130690515,-0.14935261861756072,-0.32902892032670816,0
226,1.3098757180526772,-0.9669898444936782,-0.03268919299708151,0
227,-1.0466462938127945,-1.0783286604538458,0.2827692269610515,2
228,0.5794659027426139,-0.21324599372724007,1.404399164589969,2
229,-0.04572018455714378,0.9175406357371781,0.7926010173022092,2
230,-1.3299212276902992,0.07217243810134823,0.2827692269610515,2
231,1.4941805030069732,-1.1033395539398454,0.16151193652783108,0
232,1.0462829456803273,-1.018302516207499,1.7926556812889587,0
233,1.6849598505661694,-0.9747121020048262,-0.6041009558108986,0
234,0.834212130690515,-0.5709648223240738,0.3337524054343525,0
235,1.7705748022215175,-1.3884637391099914,0.06331989124046927,0
236,-0.3004664125050444,-0.9845378100689292,0.9058969705867298,2
237,-0.6195035418975585,-0.05288203007897613,-0.518395013881995,1
238,-0.8151938200976719,0.6324164505670316,-0.09110741854137779,1
239,-0.8151938200976719,1.172651748784151,-0.6519223873558365,1
240,0.3480134290274916,-0.4887861721057056,0.20799389741191393,0
241,0.5069047832045681,-0.42179270775943,0.8105950796330039,0
242,1.1403610885977589,-0.4391613836454772,-0.2379875294747657,0
243,-0.44998891244264055,-0.006433227912129203,0.8435841957755102,2
244,-0.8151938200976719,1.9229785518634832,-0.6519223873558365,1
245,-0.8151938200976719,-0.23796264100499365,-0.2780457418534072,1
246,-0.8151938200976719,0.9925733160451115,0.8435841957755102,2
247,2.086541860014896,-1.3525860436638844,-0.4016151422939765,0
248,-0.1667139785651353,-1.2117200921290676,0.6192582082497265,0
249,0.06473849514998695,0.49053647257537025,0.4697075502730809,2
250,-0.04572018455714378,0.04716154416515266,0.9965337323170426,2
251,-1.0466462938127945,1.6228478306317504,2.526029102218886,2
252,-1.3299212276902992,-0.47806721799037993,0.2827692269610515,2
253,0.06473849514998695,-1.6103785752964335,1.1239916801827396,0
254,-1.0466462938127945,0.6099066464746519,-0.6145347231420822,1
255,0.6481028337230273,0.43899887449539793,-0.6617612466546217,1
256,0.7751561809427275,-1.6035574226093783,0.6032349237469223,0
257,0.9964932705600276,-0.972032363400962,-0.34534353811114227,0
258,-1.3299212276902992,-0.3280018573745135,1.404399164589969,2
259,0.5794659027426139,-0.689924198301284,0.15814367846024174,0
260,-0.3004664125050444,-1.716106443071278,0.2827692269610515,0
261,1.7705748022215175,-1.1850418057640102,0.477835302533997,0
262,-1.3299212276902992,-0.9782850866599131,-0.2780457418534072,1
263,1.2279457442751505,-0.5556872322055283,-0.5771470589283284,0
264,-0.44998891244264055,0.358011219512211,0.7033804535718955,2
265,-0.8151938200976719,-0.2679757131281668,1.404399164589969,2
266,-0.1667139785651353,1.27269532302828,0.7314212020126184,2
267,-0.1667139785651353,1.0392603169588637,-0.05371975432762351,1
268,-1.3299212276902992,2.223109273095216,1.404399164589969,2
269,0.8906424869738587,-0.4439614538047776,0.5753683408812845,0
270,0.4299434028050183,0.5723903063206852,0.21266735585924418,2
271,-0.1667139785651353,-0.01119720735220143,-0.2780457418534072,1
272,0.713218336682523,-0.114751081999438,-1.624001667008108,1
273,0.3480134290274916,0.5295144883587288,1.3296238350408314,2
274,0.3480134290274916,-0.6174136244909206,-0.6145347231420822,0
275,-0.1667139785651353,-0.01119720735220143,2.413866108455995,2
276,-1.3299212276902992,-0.37802364374625114,1.404399164589969,2
277,2.285302209814145,-1.8529307424739876,-0.12361843207156013,0
278,0.3480134290274916,0.5723903063206852,0.20799389741191393,2
279,1.6550884961903864,-0.9868253917197521,-1.55990852787526,0
280,1.269571571404515,-0.8182153687696991,0.49985889220003893,0
281,-1.3299212276902992,0.42232494570481877,0.5631767113682808,2
282,-0.8151938200976719,0.8124948833060718,-0.2780457418534072,1
283,0.5069047832045681,0.497357626012752,0.2827692269610515,2
284,-1.0466462938127945,0.985070048014318,0.05844323943526783,1
285,-1.3299212276902992,-0.37802364374625114,0.8435841957755102,2
286,0.3480134290274916,-1.3891783359509697,-0.2406580776396534,0
287,-1.3299212276902992,1.7228914048758794,-1.1192681950750953,1
288,1.8764255858076864,-1.2253314627296097,0.888449393280667,0
289,1.9262152609279861,-1.2077968147047866,3.086844071033345,0
290,-1.0466462938127945,-0.3655181975284801,0.5070952144868351,2
291,-0.3004664125050444,0.7787301771675016,-0.5896096136662463,1
292,-0.3004664125050444,0.8162465173214682,-0.7142351621670561,1
293,0.4299434028050183,-0.35801492949768665,-0.8388607106678659,0
294,0.9446708103976458,-1.4698035142082686,-0.5117186451522218,0
295,-0.6195035418975585,-1.3284375948636449,0.9237006194111631,2
296,0.06473849514998695,1.2817901932776865,-1.3996756794823246,1
297,-1.3299212276902992,0.4723467320765562,-0.5584532262606365,1
298,-0.1667139785651353,0.5723903063206852,0.2827692269610515,2
299,1.5610103532729542,-1.3547648510383261,0.16773025851019543,0
300,0.6481028337230273,-0.26130614221219667,-0.07142970106543689,0
301,-0.04572018455714378,-0.3730214655592735,-0.8388607106678659,1
302,-0.3004664125050444,-0.1216619865276971,-0.21573296704218756,1
303,1.6849598505661694,-1.0676097061884546,0.6740354839343672,0
304,-1.0466462938127945,2.223109273095216,-0.39020873561629904,1
305,0.9964932705600276,-0.14667288046389265,-1.1977822907091196,0
306,1.4236360224752636,-0.6855105104298832,0.2827692269610515,0
307,-1.3299212276902992,-0.5280890043621176,-0.2780457418534072,1
308,1.0462829456803273,-2.1287861847649108,-0.3643249679111416,0
309,2.756357901055346,-1.7786336767112443,0.4061485201002323,0
310,0.4299434028050183,-0.9582763719611525,-0.6285550973624439,0
311,-1.0466462938127945,0.6099066464746519,-0.6145347231420822,1
312,2.756357901055346,-2.019647740721571,0.3164181250899188,0
313,-0.8151938200976719,1.5928347585085771,0.2827692269610515,2
314,-1.0466462938127945,-0.06538747629674717,-0.8388607106678659,1
315,0.834212130690515,-0.6138406387853765,0.3337524054343525,0
316,-1.0466462938127945,-0.06538747629674717,-0.39020873561629904,1
317,-0.44998891244264055,0.057880498280478344,0.7033804535718955,2
318,-0.3004664125050444,-1.6973482729942948,1.6536502615915885,2
319,-0.8151938200976719,-0.027871136142780563,-0.09110741854137779,1
320,1.386837098452227,-0.6235851434815428,0.4477148065519536,0
321,0.3480134290274916,0.41160599158949335,-0.16588274809051534,1
322,2.3393305332379315,-1.9110857320933248,-0.2624675481506023,0
323,0.06473849514998695,0.47689416720126,0.18930006586585157,2
324,-0.44998891244264055,0.3151354030509088,-0.8388607106678659,1
325,-0.8151938200976719,-0.11791035251230038,-0.8388607106678659,1
326,2.1898080333003356,-1.452301067058461,0.5807021791437327,0
327,0.16635063043266843,0.05966699038292371,-0.8388607106678659,1
328,-0.3004664125050444,0.4785994559357687,-0.4649840651654366,1
329,-0.44998891244264055,1.4942203782465353,0.5631767113682808,2
330,-0.3004664125050444,1.529056980246834,0.9058969705867298,2
331,0.16635063043266843,-0.9407687465059464,-1.3565360670142723,0
332,-0.3004664125050444,0.6474229866286184,2.027526908215647,2
333,2.1898080333003356,-1.4284811685075125,0.7033804535718955,0
334,-0.6195035418975585,0.2722595850889523,1.7248648613758397,2
335,0.06473849514998695,-1.6240208808206091,1.2174608412779395,0
336,0.16635063043266843,0.9225428139241555,-1.4428152919503767,1
337,-0.8151938200976719,1.6528609027549235,1.0305225190875396,2
338,-1.3299212276902992,-0.2279582831303847,0.002361742553822158,2
339,-0.8151938200976719,-0.7781979392221128,2.712967425530916,2
340,0.06473849514998695,0.3404711119595038,-1.212737356170295,1
341,0.5069047832045681,0.3379131803583939,-0.11310016226250509,1
342,-1.0466462938127945,1.472782470015884,2.077377127167319,2
343,-0.1667139785651353,0.1221942244730859,0.39493222072394335,2
344,-1.3299212276902992,1.6728696170034878,0.5631767113682808,2
345,-0.6195035418975585,1.3727388957717548,1.0839334678040982,2
346,-1.3299212276902992,-0.8282197260440466,-0.2780457418534072,1
347,1.1849086062861134,-0.6495704868368978,0.24409233213460868,0
348,-0.44998891244264055,-0.13506067879669084,-1.3996756794823246,1
349,0.3480134290274916,-1.0783286604538458,0.7314212020126184,0
350,0.3480134290274916,-0.28512603941255726,-1.3622880152685706,1
351,-0.04572018455714378,1.142638676660978,-0.6349279945314025,1
352,0.06473849514998695,-0.04151344151689086,-0.09110741854137779,1
353,-0.8151938200976719,1.502795542139057,1.0305225190875396,2
354,0.26042877335010006,0.1221942244730859,0.44300207535398695,2
355,-1.3299212276902992,0.1221942244730859,-0.2780457418534072,1
356,-0.3004664125050444,-0.3280018573745135,-0.4649840651654366,1
357,-0.44998891244264055,1.4299066520539274,0.002361742553822158,1
358,0.4299434028050183,0.38230751570703664,-0.2780457418534072,1
359,-1.3299212276902992,-1.7286118897392453,-0.2780457418534072,1
360,-0.6195035418975585,0.07217243810134823,-0.03769646982481933,1
361,0.06473849514998695,-0.6554171893544669,0.4697075502730809,0
362,0.16635063043266843,-0.7907033858900799,1.2318407124745,2
363,0.6481028337230273,-0.13625167403187233,-0.42562862797029577,0
364,0.4299434028050183,-0.7982066539208732,1.8250103912008129,2
365,-1.3299212276902992,-0.37802364374625114,0.2827692269610515,2
366,-1.0466462938127945,1.2101680889381177,-0.39020873561629904,1
367,-1.0466462938127945,0.9475537078603513,1.1800731770641852,2
368,0.5069047832045681,0.04716154416515266,0.3487474581244344,0
369,1.1403610885977589,-0.8226617497304982,1.2041081038183925,0
370,-1.3299212276902992,0.4723467320765562,-0.5584532262606365,1
371,0.16635063043266843,0.9100373677063848,-0.3211853543214594,1
372,2.086541860014896,-1.3577607113282495,0.4538653192748088,0
373,0.5069047832045681,0.6474229866286184,-0.8388607106678659,1
374,-0.44998891244264055,0.743893575167203,-0.4182494840570219,1
375,-0.3004664125050444,0.7787301771675016,0.40739477546186126,2
376,-1.3299212276902992,0.8725210275524181,0.5631767113682808,2
377,-0.3004664125050444,1.3039589393230342,0.03351812995943198,1
378,0.713218336682523,-0.6913179933654554,0.451013717605389,0
379,0.16635063043266843,-0.1404201566046804,-0.4074645803791938,1
380,0.5069047832045681,-0.18731558179713867,-1.0367954052796442,1
381,1.2279457442751505,-0.7161019284502556,-0.31543340606716097,0
382,-0.1667139785651353,0.7057817381459726,-0.6145347231420822,1
383,-0.1667139785651353,0.6557599517742346,-0.05371975432762351,1
384,-1.0466462938127945,2.035527572325383,-0.39020873561629904,1
385,-1.0466462938127945,0.7974883472444849,0.2827692269610515,2
386,-0.3004664125050444,-0.5530998982983132,0.40739477546186126,2
387,-0.04572018455714378,1.3077105733384307,1.098500090385274,2
388,0.16635063043266843,-0.4030345376824467,-0.234906129385355,0
389,0.8906424869738587,-0.21204226094424936,0.3315357461346955,0
390,0.9446708103976458,-1.1305253076311064,-0.7921261295594512,0
391,-0.6195035418975585,0.22223779871721494,1.5646320129829039,2
392,-0.04572018455714378,0.6024033784438584,0.9965337323170426,2
393,-0.8151938200976719,1.7729131912476168,0.2827692269610515,2
394,-1.3299212276902992,0.8224992411806807,-0.5584532262606365,1
395,0.6481028337230273,-0.002860242206585,-2.2556564216521906,1
396,-1.3299212276902992,-1.578546529123379,1.6848066489971982,2
397,1.9741256255829003,-1.2538768181922337,0.8643551210864603,0
398,-1.3299212276902992,-0.37802364374625114,0.5631767113682808,2
399,-0.8151938200976719,1.7729131912476168,-1.3996756794823246,1
400,-1.0466462938127945,-0.1029038164507138,0.05844323943526783,2
401,-1.0466462938127945,-0.25296917706658023,-1.2875126857194328,1
402,1.348939538283142,-0.6187534935677547,-1.212737356170295,0
403,-0.6195035418975585,-0.25296917706658023,0.7634677721398573,2
404,-0.8151938200976719,1.082612532414631,1.0305225190875396,2
405,-1.0466462938127945,0.2722595850889523,-0.6145347231420822,1
406,-1.0466462938127945,0.23474324493498572,-0.8388607106678659,1
407,-1.0466462938127945,1.9229785518634832,-0.16588274809051534,1
408,2.579568329126399,-1.6454361278312193,-0.2458149967255196,0
409,1.1849086062861134,-1.3570214730047314,-0.8388607106678659,0
410,0.06473849514998695,0.6951710561883311,-0.2780457418534072,1
411,-1.0466462938127945,0.9100373677063848,0.2827692269610515,2
412,0.7751561809427275,-1.0783286604538458,-0.2513402669343132,0
413,-1.3299212276902992,1.7228914048758794,1.404399164589969,2
414,-0.6195035418975585,0.22223779871721494,1.404399164589969,2
415,-1.3299212276902992,1.8729567654917458,-1.1192681950750953,1
416,-0.1667139785651353,0.7558035245177099,0.6192582082497265,2
417,-0.3004664125050444,1.0601027283222513,0.2827692269610515,2
418,0.9964932705600276,-0.7531870452859173,-1.736164660771,0
419,0.8906424869738587,-0.607669119794754,0.477835302533997,0
420,-1.3299212276902992,0.9225428139241555,-1.3996756794823246,1
421,1.1403610885977589,-0.8837994893295938,0.36288565059670447,0
422,1.6849598505661694,-0.9747121020048262,-0.9431983794931846,0
423,-1.0466462938127945,0.497357626012752,-0.39020873561629904,1
424,-0.44998891244264055,-0.07074695410473675,0.5631767113682808,2
425,0.26042877335010006,0.13373771421296907,-0.598511438639278,1
426,-0.3004664125050444,0.8725210275524181,-0.34035851666462685,1
427,-1.3299212276902992,2.223109273095216,0.5631767113682808,2
428,1.2279457442751505,-0.4884165536192408,-0.39020873561629904,0
429,-0.3004664125050444,-0.7219234289911629,0.03351812995943198,0
430,-0.1667139785651353,-0.9949590156005576,2.077377127167319,2
431,1.9503964489526013,-1.3063125736625507,-0.0346732083015954,0
432,-0.8151938200976719,0.6024033784438584,-0.4649840651654366,1
433,-1.0466462938127945,-0.5906162384522797,0.7314212020126184,2
434,0.26042877335010006,-0.10867556132065538,-1.6400249515109127,1
435,0.5069047832045681,-0.8344724494530628,0.08483453234927321,0
436,0.713218336682523,0.2011759932972608,0.05844323943526783,0
437,0.06473849514998695,-0.969190216410506,0.5631767113682808,0
438,-0.1667139785651353,0.6224120926924226,-0.8388607106678659,1
439,0.6481028337230273,-0.9949590156005576,-0.42562862797029577,0
440,0.3480134290274916,0.9475537078603513,0.880971859989264,2
441,0.16635063043266843,0.497357626012752,-0.14862690332762057,1
442,-0.04572018455714378,-0.1029038164507138,1.404399164589969,2
443,1.6849598505661694,-1.4356271381178165,1.3000614957646501,0
444,-1.0466462938127945,0.985070048014318,-0.6145347231420822,1
445,-0.3004664125050444,1.3227171094000174,-0.09110741854137779,1
446,-0.8151938200976719,0.452338017827992,0.4697075502730809,2
447,1.386837098452227,-0.7509133284738922,-0.7069042472194705,0
448,0.834212130690515,-0.7567600309914615,-0.1250962053118748,0
449,0.5794659027426139,0.23695008812035953,-0.40267129035421695,1
450,1.348939538283142,-0.8860574171647668,-0.1250962053118748,0
451,0.9964932705600276,-1.4159757218395452,-1.6464342657606863,0
452,0.26042877335010006,0.4684989031636978,-0.4382785902463426,1
453,1.9974193798156785,-1.3173216422365486,0.6906346592339778,0
454,-0.44998891244264055,-1.7429038289598537,0.4229729691646662,0
455,-0.6195035418975585,0.44733583964101464,1.404399164589969,2
456,-1.0466462938127945,0.497357626012752,-3.0821205859257006,1
457,0.3480134290274916,-0.038590090258106245,-0.016332090113869744,0
458,0.9446708103976458,-0.4976409602879311,1.310930003494769,0
459,-1.3299212276902992,1.8729567654917458,0.2827692269610515,2
460,-1.0466462938127945,2.148076592787283,-0.6145347231420822,1
461,2.107878059522809,-1.42169855335539,-0.4089025682839909,0
462,-0.44998891244264055,0.5723903063206852,0.5631767113682808,2
463,1.8764255858076864,-1.16408029502717,-1.8707602532864698,0
464,1.6244972812977092,-1.0408123202998791,-0.4558651217988585,0
465,1.3098757180526772,-0.5555203070016472,0.4229729691646662,0
466,-0.8151938200976719,-0.688158722852593,-0.6519223873558365,1
467,-0.6195035418975585,1.7979240851838127,-1.8002577999038478,1
468,-0.3004664125050444,1.2101680889381177,-1.3373629046711046,1
469,0.5069047832045681,-1.1439822557232873,1.0745080065297947,0
470,-0.6195035418975585,-0.653143472542442,-0.35816216548906016,1
471,-1.0466462938127945,1.6228478306317504,0.5070952144868351,2
472,0.06473849514998695,-1.1192555770263726,-0.09110741854137779,0
473,1.2279457442751505,-1.1093766661399052,-1.9231029840830292,0
474,1.1849086062861134,-0.8585900967377741,0.0893847550720964,0
475,0.5069047832045681,0.13157330951157753,1.1404862376931777,2
476,-1.0466462938127945,-0.4405508778364133,-0.16588274809051534,1
477,-0.3004664125050444,0.5723903063206852,2.027526908215647,2
478,0.9446708103976458,-0.1844610775244975,1.2641954223863543,0
479,0.16635063043266843,-1.6660846562493443,-0.4074645803791938,0
480,1.4593982179902727,-0.7781979392221128,-1.1192681950750953,0
481,-0.1667139785651353,0.15554208205424416,0.5070952144868351,2
482,-0.1667139785651353,-0.027871136142780563,-1.624001667008108,1
483,-0.04572018455714378,1.3077105733384307,-0.22706256338010622,1
484,0.16635063043266843,-0.4655617717726089,0.2827692269610515,0
485,0.16635063043266843,0.7599720070905183,-0.9251399367256004,1
486,1.386837098452227,-0.8009351151457607,1.2064644699781906,0
487,-0.6195035418975585,1.3477280033362133,-2.441189193475589,1
488,-0.44998891244264055,0.2936974933196037,-1.1192681950750953,1
489,-1.3299212276902992,0.6724338805648143,-0.2780457418534072,1
490,-1.3299212276902992,1.8229349776193542,1.404399164589969,2
491,-0.8151938200976719,-0.808211011345286,1.9652141334044275,2
492,-0.44998891244264055,-0.5423809441829874,1.1239916801827396,2
493,-1.3299212276902992,0.5723903063206852,-2.2408981327040127,1
494,0.9964932705600276,-0.2654746232843513,-0.8837259081730227,0
495,2.5198173484346014,-1.7664332408900363,0.05303779407434165,0
496,-0.1667139785651353,-0.49474114678095904,-1.0631866981936493,1
497,0.16635063043266843,0.7974883472444849,0.45532767907652033,2
498,-0.6195035418975585,-1.528524742301445,1.404399164589969,2
499,-1.3299212276902992,0.07217243810134823,-1.9604906482967832,1
500,-0.6195035418975585,1.447771576079688,-0.03769646982481933,1
501,-0.44998891244264055,0.358011219512211,0.2827692269610515,2
502,1.4941805030069732,-0.7781979392221128,0.009940323486305662,0
503,-1.0466462938127945,1.472782470015884,-0.39020873561629904,1
504,-1.3299212276902992,0.8224992411806807,0.8435841957755102,2
505,-1.0466462938127945,1.5478151503238171,2.75035508974467,2
506,-0.44998891244264055,-0.9068253911571318,0.5631767113682808,2
507,0.713218336682523,-0.5333544557171062,1.1800731770641852,0
508,0.06473849514998695,0.7497402776847722,-0.3715149029486071,1
509,-0.1667139785651353,-1.4284811685075125,-0.5023717293791908,0
510,-0.8151938200976719,1.1126256045378047,-1.212737356170295,1
511,-1.0466462938127945,0.7599720070905183,-2.40914262334835,1
512,-1.3299212276902992,-0.37802364374625114,1.404399164589969,2
513,-0.8151938200976719,-0.808211011345286,0.0958309036490221,2
514,0.713218336682523,-0.4148818032311709,0.5631767113682808,0
515,2.67780868556758,-1.689885345083546,1.094161096377195,0
516,-1.0466462938127945,-0.9282632998379793,3.42333305232202,2
517,-0.8151938200976719,1.382743253646364,-0.2780457418534072,1
518,-0.04572018455714378,0.06216808022673925,0.6906346592339778,2
519,1.2279457442751505,-0.5970845732203177,-0.39020873561629904,0
520,-0.6195035418975585,1.197662642720347,-1.8002577999038478,1
521,-0.04572018455714378,1.187658284845738,0.5886683011657463,2
522,0.16635063043266843,0.7599720070905183,-1.0114191627833347,1
523,-0.8151938200976719,1.6828739748780968,1.404399164589969,2
524,1.4941805030069732,-0.7781979392221128,0.4040265173942719,0
525,-1.0466462938127945,0.30977592524291897,-1.2875126857194328,1
526,-1.3299212276902992,2.123065698851087,-0.5584532262606365,1
527,1.4236360224752636,-0.7164063195270751,-1.38365239497952,0
528,1.9015645060448538,-1.3214345446515492,0.018856300064260256,0
529,-1.3299212276902992,-1.2283940210697122,-1.9604906482967832,1
530,1.2279457442751505,-0.5091152233763085,-0.39020873561629904,0
531,-1.0466462938127945,1.2476844290920843,-1.736164660771,1
532,-1.0466462938127945,0.9100373677063848,-0.6145347231420822,1
533,-0.44998891244264055,0.2936974933196037,-1.5398794216859393,1
534,1.1849086062861134,-0.9711391171996739,-0.37473797835869954,0
535,-1.3299212276902992,1.5228042563876214,0.2827692269610515,2
536,-0.8151938200976719,-0.2079495688818202,0.4697075502730809,2
537,1.0941933103352413,-0.31068662276468867,-0.5065259146657067,0
538,0.5794659027426139,0.387015448736226,-2.022803423108003,1
539,-0.8151938200976719,-0.177936496758647,0.0958309036490221,2
540,-0.8151938200976719,1.082612532414631,1.404399164589969,2
541,-1.3299212276902992,-0.07789292251451822,-1.3996756794823246,1
542,0.06473849514998695,-0.24614802362919821,-0.6519223873558365,1
543,-1.0466462938127945,0.08467788431911928,1.404399164589969,2
544,-1.0466462938127945,-0.47806721799037993,2.526029102218886,2
545,-0.6195035418975585,1.6478587245679461,-0.8388607106678659,1
546,-0.04572018455714378,-1.408472453808752,0.6906346592339778,0
547,-0.44998891244264055,0.5723903063206852,-0.5584532262606365,1
548,-0.04572018455714378,0.25725304902736545,1.098500090385274,2
549,-1.0466462938127945,-0.25296917706658023,-0.39020873561629904,1
550,-0.04572018455714378,0.842507955429245,0.4867019430975149,2
551,0.16635063043266843,-0.3280018573745135,0.8867238082435625,2
552,-0.1667139785651353,0.8391731699712599,0.6192582082497265,2
553,-0.6195035418975585,1.572826044260013,-0.8388607106678659,1
554,0.06473849514998695,0.5041787794501338,0.18930006586585157,2
555,-1.3299212276902992,-1.828655463533178,3.086844071033345,2
556,-0.8151938200976719,1.5328086142622304,-1.0257990339798955,1
557,1.1403610885977589,-1.2006041395019713,-0.598511438639278,0
558,0.8906424869738587,-0.4098556911198287,1.16056656984338,0
559,1.4236360224752636,-1.1180518440933167,-1.5759318123780643,0
560,-1.0466462938127945,0.8350046873984516,-0.8388607106678659,1
561,1.9262152609279861,-1.5932588194269157,0.3690484530187859,0
562,-0.8151938200976719,-0.5380933622367265,-1.0257990339798955,1
563,-0.1667139785651353,1.2893692518188593,0.955747189538402,2
564,-0.8151938200976719,0.30227265721212554,1.2174608412779395,2
565,0.26042877335010006,0.6993686889574391,0.8435841957755102,2
566,0.834212130690515,-0.02072516623234562,-0.8898438891411666,0
567,-0.04572018455714378,-0.027871136142780563,-0.8388607106678659,1
568,-1.3299212276902992,2.223109273095216,-0.2780457418534072,1
569,-0.6195035418975585,0.32228137146068975,1.2441663161970336,2
570,-0.6195035418975585,0.6474229866286184,-0.518395013881995,1
571,-1.3299212276902992,-1.0783286604538458,-0.2780457418534072,1
572,0.4299434028050183,-0.21795392675642916,-0.5584532262606365,0
573,0.06473849514998695,-0.0005865253945599712,-1.5866140027943543,1
574,-1.0466462938127945,1.0225863881682846,0.05844323943526783,1
575,-0.6195035418975585,1.747902297311421,-1.1593264074537364,1
576,-0.8151938200976719,-0.2079495688818202,-0.8388607106678659,1
577,-1.3299212276902992,0.3723031593330814,0.2827692269610515,2
578,-1.3299212276902992,1.9730003382352206,0.5631767113682808,2
579,0.834212130690515,0.0221506502289571,0.5886683011657463,0
580,-1.3299212276902992,2.223109273095216,1.6848066489971982,2
581,0.834212130690515,-0.006433227912129203,-0.4309952783949396,0
582,1.4236360224752636,-0.804680061648427,0.3148157970882904,0
583,-0.3004664125050444,-0.4593090479133966,-1.5866140027943543,1
584,0.06473849514998695,0.6133172224430161,-0.9323298717630656,1
585,-1.0466462938127945,0.7974883472444849,0.955747189538402,2
586,0.16635063043266843,-0.3905290914646756,1.4906783906477032,2
587,0.6481028337230273,-0.39469757253683024,-0.07142970106543689,0
588,-1.0466462938127945,-0.06538747629674717,0.05844323943526783,2
589,-1.0466462938127945,-0.4030345376824467,-0.6145347231420822,1
590,-0.44998891244264055,-1.7643417374906358,0.002361742553822158,0
591,-1.0466462938127945,0.9100373677063848,0.5070952144868351,2
592,0.5794659027426139,0.17515846992597509,-1.3373629046711046,1
593,-0.8151938200976719,1.9529916239866565,-0.09110741854137779,1
594,-0.44998891244264055,1.3870308355926253,-0.5584532262606365,1
595,2.20949019480549,-1.4347338919165284,-0.234906129385355,0
596,-0.44998891244264055,1.172651748784151,0.5631767113682808,2
597,-0.44998891244264055,-0.6281325786062464,0.8435841957755102,2
598,1.348939538283142,-1.4675606895512494,0.6226570868146133,0
599,-0.44998891244264055,-0.9497012085188268,-0.9790644528714806,1
600,-0.1667139785651353,0.07217243810134823,0.39493222072394335,2
601,-0.44998891244264055,-1.0783286604538458,0.002361742553822158,0
602,-0.8151938200976719,0.9925733160451115,0.2827692269610515,2
603,1.1403610885977589,-0.40025554930057444,-0.2379875294747657,0
604,-0.8151938200976719,0.5723903063206852,1.5913374879019988,2
605,1.269571571404515,-0.8132131899824597,-0.6941342671752074,0
606,-0.04572018455714378,0.21223344084260598,-0.32902892032670816,1
607,0.26042877335010006,0.5146728606225768,-0.598511438639278,1
608,0.6481028337230273,0.45567280328597703,-0.36659547329921455,1
609,-1.3299212276902992,-0.5781107922345087,0.2827692269610515,2
610,0.5069047832045681,-0.20607375187412197,2.9878767237274553,2
611,1.593150651930182,-0.9628937677070405,-0.5304124778199137,0
612,0.16635063043266843,-1.0908341071218128,-1.4428152919503767,0
613,-1.3299212276902992,1.7228914048758794,-1.9604906482967832,1
614,-1.0466462938127945,1.5478151503238171,0.955747189538402,2
615,1.1849086062861134,-0.6334920564142359,0.7468919592702179,0
616,-0.04572018455714378,-1.2133874850081257,-0.7368943525996344,0
617,1.1403610885977589,-0.6559224609243142,0.6432931350039338,0
618,-1.0466462938127945,1.172651748784151,1.1800731770641852,2
619,-0.8151938200976719,2.1630831288488697,1.0305225190875396,2
620,-1.0466462938127945,1.0976190684762177,-0.8388607106678659,1
621,-0.8151938200976719,1.3527301815231907,-1.5866140027943543,1
622,0.06473849514998695,0.6269595278171264,0.5631767113682808,2
623,-0.6195035418975585,1.072608174540022,-2.1207234966897186,1
624,-1.3299212276902992,0.3723031593330814,0.002361742553822158,1
625,2.6912423980958495,-1.866970023699999,0.16470291761888853,0
626,-1.3299212276902992,2.223109273095216,0.002361742553822158,1
627,-1.3299212276902992,1.6728696170034878,-1.9604906482967832,1
628,-0.44998891244264055,1.1940896570148023,1.1239916801827396,2
629,1.6550884961903864,-1.008786176287966,1.9919196083235216,0
630,-0.44998891244264055,0.5723903063206852,-0.2780457418534072,1
631,-0.8151938200976719,0.1221942244730859,-0.09110741854137779,1
632,-1.0466462938127945,1.2101680889381177,0.05844323943526783,1
633,0.06473849514998695,-0.27343263587807254,0.002361742553822158,0
634,0.9446708103976458,-0.06049403997203245,0.002361742553822158,0
635,0.834212130690515,-0.3351478272849484,0.07883651082458812,0
636,0.5794659027426139,-0.23972811645368466,1.7782758100923977,2
637,0.7751561809427275,-0.14792342463547384,0.38959112551579844,0
638,-1.3299212276902992,-0.3280018573745135,-0.5584532262606365,1
639,-1.3299212276902992,-0.7281761528503752,0.2827692269610515,2
640,1.2279457442751505,-1.0472806547677864,-0.9884113686445115,0
641,-0.6195035418975585,0.7974883472444849,1.404399164589969,2
642,-0.1667139785651353,0.6057381639018435,-0.39020873561629904,1
643,-1.3299212276902992,-1.3284375948636449,-0.2780457418534072,1
644,1.593150651930182,-1.2707201484152095,0.5070952144868351,0
645,2.042762556563314,-1.3061064399815092,0.40083553630321445,0
646,-0.1667139785651353,-0.3280018573745135,-0.5023717293791908,1
647,-1.0466462938127945,1.3227171094000174,0.05844323943526783,1
648,1.7705748022215175,-1.068324303029433,-1.8141910907758518,0
649,-0.1667139785651353,0.1221942244730859,-0.16588274809051534,1
650,0.3480134290274916,-1.3677404274201876,-0.4649840651654366,0
651,2.704535440892963,-1.7370366117571616,0.6215949369125772,0
652,1.0462829456803273,-0.47206460356574537,0.15335038843526488,0
653,-0.3004664125050444,-1.0032959801459125,-0.21573296704218756,0
654,2.45711453037148,-1.5766226143668187,0.12659290690085243,0
655,-1.3299212276902992,1.172651748784151,1.404399164589969,2
656,1.269571571404515,-0.8782415130160455,2.019486549994582,0
657,1.348939538283142,-0.6046848660100173,-0.2950401346778407,0
658,-1.3299212276902992,0.8725210275524181,0.5631767113682808,2
659,-0.1667139785651353,0.9392167427147352,-1.3996756794823246,1
660,-0.1667139785651353,-0.3113279285839343,0.05844323943526783,2
661,0.16635063043266843,-0.19044194297641806,-0.14862690332762057,0
662,-1.0466462938127945,0.30977592524291897,0.7314212020126184,2
663,-0.44998891244264055,1.279841291438061,-1.1192681950750953,1
664,0.834212130690515,-0.3137099175536436,0.07883651082458812,0
665,-1.3299212276902992,2.223109273095216,1.1239916801827396,2
666,2.4079674642183453,-1.6045578583968392,0.13518634084416295,0
667,0.3480134290274916,0.42232494570481877,-0.8388607106678659,1
668,1.1849086062861134,-1.0622502289807265,-0.7228300273101669,0
669,-0.8151938200976719,0.6624295226902053,1.404399164589969,2
670,-0.3004664125050444,1.4915406400928672,-1.212737356170295,1
671,0.6481028337230273,-0.11957774524129292,0.9911670818923988,2
672,-0.6195035418975585,0.5223685199489478,0.44300207535398695,2
673,-1.0466462938127945,-1.1533613407617789,1.1800731770641852,2
674,-0.04572018455714378,1.0225863881682846,0.38473558502928296,2
675,0.06473849514998695,0.995301777420064,-0.3715149029486071,1
676,-0.8151938200976719,0.8124948833060718,-0.8388607106678659,1
677,0.834212130690515,-0.5423809441829874,-0.22706256338010622,0
678,-0.3004664125050444,0.8725210275524181,0.40739477546186126,2
679,-0.6195035418975585,0.6474229866286184,-1.8002577999038478,1
680,-0.8151938200976719,-0.6581456507294196,0.2827692269610515,2
681,0.713218336682523,-0.36749274103627405,-0.6145347231420822,0
682,-0.6195035418975585,0.7224556669365517,0.7634677721398573,2
683,1.0941933103352413,-1.1995352979205272,-1.545072153294084,0
684,-1.0466462938127945,0.7974883472444849,0.7314212020126184,2
685,-1.3299212276902992,0.42232494570481877,0.2827692269610515,2
686,0.713218336682523,-0.2964091492445822,1.1800731770641852,0
687,2.1898080333003356,-1.642860255165921,-0.4708258873833774,0
688,-1.3299212276902992,2.223109273095216,0.002361742553822158,1
689,2.756357901055346,-1.769538806311772,0.29398552633734043,0
690,0.8906424869738587,-0.21204226094424936,0.477835302533997,0
691,0.06473849514998695,0.6951710561883311,0.4697075502730809,2
692,-0.8151938200976719,-0.2679757131281668,-1.212737356170295,1
693,-0.3004664125050444,1.1163772385532011,2.276778005217267,2
694,-1.3299212276902992,-1.6285683160953777,3.086844071033345,2
695,1.5610103532729542,-0.8966705923083095,-1.5578542604012326,0
696,-0.8151938200976719,0.30227265721212554,-0.09110741854137779,1
697,-0.8151938200976719,2.0130177682330035,-1.7735523249847536,1
698,1.4941805030069732,-0.799040350435435,-0.17194561216352475,0
699,-0.3004664125050444,-1.9412044839950777,0.5320203239626711,0
700,-0.44998891244264055,1.579972012669794,-0.8388607106678659,1
701,1.0941933103352413,-0.5184694305793173,-0.423442215665167,0
702,-0.1667139785651353,-1.195046163188423,0.05844323943526783,0
703,-0.6195035418975585,0.04716154416515266,-0.518395013881995,1
704,-0.6195035418975585,0.39731405176862294,0.9237006194111631,2
705,-0.04572018455714378,0.4073184096432319,-0.9408270687360976,1
706,0.16635063043266843,0.6349175404108477,-0.5800230324946626,1
707,0.3480134290274916,0.8403641652064414,0.7314212020126184,2
708,-0.8151938200976719,-1.2584070931928857,-1.5866140027943543,1
709,0.5069047832045681,0.10343605439610258,-0.9048389418312488,1
710,-0.8151938200976719,-0.35801492949768665,1.5913374879019988,2
711,-1.0466462938127945,2.223109273095216,0.05844323943526783,1
712,0.4299434028050183,-0.35801492949768665,0.3528710980628588,0
713,0.4299434028050183,0.2922682993375165,-0.06774012854798518,1
714,0.26042877335010006,0.06447677877497744,-0.758744287032213,1
715,-1.0466462938127945,-0.5155835581443465,1.1800731770641852,2
716,-0.44998891244264055,-0.8639495737954371,0.5631767113682808,2
717,-1.3299212276902992,2.123065698851087,1.9652141334044275,2
718,2.3568407968864946,-1.5243562600287677,0.05229732203026731,0
719,0.9446708103976458,-0.08659236453608785,-1.3996756794823246,0
720,0.6481028337230273,-0.7031652589141796,-0.42562862797029577,0
721,-0.3004664125050444,0.17846873470403582,-0.8388607106678659,1
722,0.26042877335010006,0.6301077520187937,1.1640498925613811,2
723,-1.3299212276902992,1.072608174540022,-2.521305617111242,1
724,-0.1667139785651353,-0.3113279285839343,2.077377127167319,2
725,-0.44998891244264055,0.5938282145513366,-0.5584532262606365,1
726,0.834212130690515,0.21509182880677974,-0.32902892032670816,0
727,0.6481028337230273,0.3306183366063064,0.3418023816321327,0
728,2.107878059522809,-1.3530245748651204,-0.7827792137864202,0
729,0.06473849514998695,0.5314633901983543,0.9370533568707101,2
730,-0.1667139785651353,-0.0445450649333597,-1.3996756794823246,1
731,1.6550884961903864,-0.9429038228834552,0.0958309036490221,0
732,-1.0466462938127945,0.6474229866286184,-2.1848166358225667,1
733,-0.44998891244264055,-0.07074695410473675,-0.5584532262606365,1
734,-0.1667139785651353,-1.111676518335135,0.39493222072394335,0
735,-1.3299212276902992,1.3227171094000174,-0.8388607106678659,1
736,0.4299434028050183,-0.5781107922345087,1.053889809080932,0
737,-0.44998891244264055,1.5370961962084917,-1.5398794216859393,1
738,-1.3299212276902992,2.223109273095216,-3.0821205859257006,1
739,-0.8151938200976719,-1.0483155883306725,-0.6519223873558365,1
740,1.2279457442751505,-1.10420199847554,0.39493222072394335,0
741,0.26042877335010006,0.433868435444702,-0.11781289346047177,1
742,-0.8151938200976719,0.1221942244730859,-1.7735523249847536,1
743,-0.8151938200976719,1.0225863881682846,0.8435841957755102,2
744,-0.1667139785651353,-1.0616547315132012,0.955747189538402,2
745,-0.3004664125050444,0.1221942244730859,-0.8388607106678659,1
746,-0.44998891244264055,0.8939589357830695,0.5631767113682808,2
747,-1.3299212276902992,-0.07789292251451822,-0.8388607106678659,1
748,-0.1667139785651353,-0.5114150755715384,0.5070952144868351,2
749,-1.3299212276902992,1.0225863881682846,-1.1192681950750953,1
750,-0.6195035418975585,2.1730874867234786,-0.6786278622749304,1
751,0.06473849514998695,0.29954419583717296,0.5631767113682808,2
752,-1.3299212276902992,2.223109273095216,2.806436586626116,2
753,0.26042877335010006,0.8032600921144265,0.8435841957755102,2
754,0.16635063043266843,-0.7156707051319506,-0.7525814846101315,0
755,0.834212130690515,-0.9354092694482835,-0.38001209992163865,0
756,-0.8151938200976719,0.0021419359803926206,-0.09110741854137779,1
757,1.386837098452227,-0.8009351151457607,-0.3440239730167901,0
758,-1.3299212276902992,1.5228042563876214,0.2827692269610515,2
759,-1.0466462938127945,-0.6281325786062464,0.2827692269610515,2
760,-0.3004664125050444,0.5536321362437019,0.5320203239626711,2
761,1.7978763703199208,-1.1500990503788537,-0.2422490412867539,0
762,-1.3299212276902992,0.9225428139241555,-1.3996756794823246,1
763,-1.3299212276902992,-0.9282632998379793,0.002361742553822158,2
764,-0.8151938200976719,0.9325471717987646,-0.2780457418534072,1
765,0.4299434028050183,-1.4785029554795113,0.4229729691646662,0
766,1.3098757180526772,-1.1267368412734695,-0.13784199964979252,0
767,1.386837098452227,-1.2056568451460643,-1.3336974483189417,0
768,0.16635063043266843,0.3723031593330814,-0.8388607106678659,1
769,-1.0466462938127945,1.172651748784151,0.05844323943526783,1
770,-1.3299212276902992,1.172651748784151,0.8435841957755102,2
771,-0.04572018455714378,-1.5885508865477918,0.38473558502928296,0
772,-0.1667139785651353,0.5223685199489478,1.1800731770641852,2
773,-0.04572018455714378,-0.6581456507294196,-1.246726142940792,1
774,-0.3004664125050444,0.985070048014318,-2.085116196797593,1
775,-1.3299212276902992,1.1226299624124136,0.8435841957755102,2
776,1.0941933103352413,-0.29914313452545926,0.07505997945970207,0
777,1.6849598505661694,-1.642860255165921,0.6218666495217076,0
778,-0.6195035418975585,1.447771576079688,0.44300207535398695,2
779,0.6481028337230273,-1.3701224171402238,-1.252092793365436,0
780,-0.44998891244264055,0.7010177587059003,0.002361742553822158,1
781,-1.0466462938127945,1.9229785518634832,-2.6334686108741336,1
782,-1.3299212276902992,1.472782470015884,0.2827692269610515,2
783,-0.44998891244264055,0.46520076366677526,1.2641954223863543,2
784,-0.04572018455714378,1.127632140599391,-0.6349279945314025,1
785,2.756357901055346,-1.8013708524848266,-0.3229109393585639,0
786,1.6244972812977092,-1.130851536669399,-0.045512706195007455,0
787,-1.3299212276902992,1.8729567654917458,0.002361742553822158,1
788,0.06473849514998695,1.4318555538935531,-0.09110741854137779,1
789,-1.0466462938127945,-0.5155835581443465,-0.16588274809051534,1
790,0.3480134290274916,-1.6893090571827025,-0.16588274809051534,0
791,-0.3004664125050444,-0.9657796399919458,0.5320203239626711,2
792,-0.8151938200976719,0.7524687390597249,-0.2780457418534072,1
793,-0.8151938200976719,1.562821686385404,0.0958309036490221,1
794,0.16635063043266843,0.4723467320765562,-0.8388607106678659,1
795,-0.44998891244264055,0.1865079506656937,1.6848066489971982,2
796,0.6481028337230273,0.35562923054250173,-1.134026484023273,1
797,0.16635063043266843,-0.4030345376824467,1.1455614864167656,2
798,0.4299434028050183,-1.2283940210697122,0.2827692269610515,0
799,0.834212130690515,-0.4494833398492936,-0.1250962053118748,0
800,-0.8151938200976719,0.0021419359803926206,0.8435841957755102,2
801,-0.6195035418975585,-1.4534920619935119,-1.6400249515109127,1
802,-0.44998891244264055,0.8082073013598103,-1.5398794216859393,1
803,0.4299434028050183,0.36229880145847243,-0.06774012854798518,1
804,-1.0466462938127945,2.223109273095216,-1.2875126857194328,1
805,0.26042877335010006,-0.01632764640289738,0.5231184989896394,2
806,0.834212130690515,-0.8353656956543508,-0.6859111741263335,0
807,-1.3299212276902992,0.7724774533082891,0.8435841957755102,2
808,0.834212130690515,-1.2498319297505593,0.5886683011657463,0
809,-1.3299212276902992,0.6224120926924226,-1.3996756794823246,1
810,-0.44998891244264055,0.7867693931291595,2.526029102218886,2
811,1.8246031256453046,-1.180500820898702,0.6332785824700882,0
812,-0.8151938200976719,1.7729131912476168,1.2174608412779395,2
813,-1.3299212276902992,0.5223685199489478,1.404399164589969,2
814,-1.3299212276902992,-0.9282632998379793,0.2827692269610515,2
815,-1.0466462938127945,1.0225863881682846,0.2827692269610515,2
816,0.4299434028050183,0.832503597554636,-1.1893700661769027,1
817,2.303568337722923,-1.5002515584325204,0.47504864435959576,0
818,-1.0466462938127945,-0.29048551722054683,0.05844323943526783,2
819,-1.0466462938127945,0.38480860555085217,-0.6145347231420822,1
820,-1.3299212276902992,-0.12791471038690935,0.2827692269610515,2
821,-1.3299212276902992,1.072608174540022,-0.8388607106678659,1
822,-0.6195035418975585,0.6224120926924226,-0.19792931821775425,1
823,0.834212130690515,-0.07789292251451822,-0.1250962053118748,0
824,-0.1667139785651353,0.9058688851335764,-1.1753496919565412,1
825,-1.3299212276902992,0.2722595850889523,-0.2780457418534072,1
826,-0.44998891244264055,0.9153968455143746,0.4229729691646662,2
827,-0.6195035418975585,0.7974883472444849,-0.19792931821775425,1
828,-1.3299212276902992,-0.4280454316186422,-1.9604906482967832,1
829,-0.6195035418975585,1.172651748784151,-2.1207234966897186,1
830,0.713218336682523,0.0748051637788425,0.6753397051311727,0
831,-0.8151938200976719,1.8629524076171369,-0.6519223873558365,1
832,0.06473849514998695,0.8998056383006388,0.2827692269610515,2
833,0.834212130690515,-0.4923591578112498,-0.32902892032670816,0
834,-1.0466462938127945,1.2101680889381177,-0.6145347231420822,1
835,0.26042877335010006,0.341520520526944,0.44300207535398695,2
836,-1.0466462938127945,-1.2283940210697122,-1.736164660771,1
837,0.9446708103976458,-0.4584934756928287,0.3762383880562514,0
838,1.0941933103352413,-0.5992738557571922,-0.7973188611675958,0
839,-0.1667139785651353,0.6724338805648143,0.8435841957755102,2
840,0.4299434028050183,0.5723903063206852,-0.3481476129552145,1
841,0.16635063043266843,-0.5906162384522797,0.7141653572497236,0
842,-1.0466462938127945,1.7729131912476168,0.2827692269610515,2
843,0.6481028337230273,0.03048761537457353,-0.6617612466546217,0
844,0.8906424869738587,-1.2761420903292944,0.2827692269610515,0
845,-1.0466462938127945,-0.06538747629674717,-0.16588274809051534,1
846,1.5280351489706863,-0.8187561447534103,0.13518634084416295,0
847,1.7141444459381734,-1.4063785186001825,-0.8133691208704004,0
848,1.2279457442751505,-1.3215380379778248,0.544482878700589,0
849,-0.44998891244264055,-0.7996358479029603,0.002361742553822158,0
850,-0.6195035418975585,-0.9032524063519798,0.9237006194111631,2
851,1.5280351489706863,-0.8025328625408913,-1.2816093701401616,0
852,0.6481028337230273,-0.9366002643833342,-0.30756231862813277,0
853,2.5350208114380446,-1.7346386111136054,-0.06440194474391332,0
854,0.4299434028050183,0.442333659953383,0.3528710980628588,2
855,-1.0466462938127945,0.19722690478101912,1.6287251521157526,2
856,1.7978763703199208,-1.1403121789299473,0.11571795989326188,0
857,1.269571571404515,-0.7882022966465256,0.24658761552707176,0
858,-0.44998891244264055,-1.1212044778155406,1.2641954223863543,2
859,0.713218336682523,-0.18583467379112983,-0.5023717293791908,0
860,-1.3299212276902992,1.3227171094000174,-1.1192681950750953,1
861,-0.44998891244264055,-0.5209430359523362,-0.8388607106678659,1
862,-0.04572018455714378,0.8275014193676581,-0.1250962053118748,1
863,1.2279457442751505,-0.7678486035932519,-0.6519223873558365,0
864,-1.3299212276902992,0.7724774533082891,1.404399164589969,2
865,0.8906424869738587,0.12901537791046763,-0.30242900087941393,0
866,-0.8151938200976719,1.7429001191244438,-0.2780457418534072,1
867,2.564892165813828,-1.6344532321567664,0.6479510667280374,0
868,-1.0466462938127945,0.1597105646270525,-1.736164660771,1
869,1.7426731518677774,-1.033991167612824,0.6067956535118086,0
870,-0.44998891244264055,1.987292278056091,-0.5584532262606365,1
871,-1.0466462938127945,1.472782470015884,-1.2875126857194328,1
872,-0.3004664125050444,-1.0220541502228957,0.2827692269610515,0
873,0.26042877335010006,-1.0667851711641587,-0.518395013881995,0
874,-1.0466462938127945,-0.9657796399919458,-0.39020873561629904,1
875,-1.0466462938127945,-0.06538747629674717,0.5070952144868351,2
876,0.16635063043266843,1.38524434349018,-0.5800230324946626,1
877,-0.6195035418975585,-1.2784158078916459,0.9237006194111631,2
878,2.042762556563314,-1.3248646100584927,0.18438063621645895,0
879,1.8764255858076864,-1.7888422046616508,-0.05371975432762351,0
880,0.5794659027426139,-0.027871136142780563,-1.0881118076694853,1
881,-1.0466462938127945,-0.4030345376824467,0.5070952144868351,2
882,0.16635063043266843,0.35979771161465635,-1.3565360670142723,1
883,-1.3299212276902992,1.6728696170034878,0.2827692269610515,2
884,0.834212130690515,-0.2493961928616895,0.6396514796390468,0
885,0.8906424869738587,-0.33482301081189547,0.7216678984022155,0
886,-0.3004664125050444,0.32853409531990224,0.03351812995943198,1
887,0.4299434028050183,-1.648577030794138,0.4229729691646662,0
888,-0.8151938200976719,1.472782470015884,2.1521524567164576,2
889,0.7751561809427275,-0.35801492949768665,2.1521524567164576,2
890,0.4299434028050183,0.6324164505670316,-0.8388607106678659,1
891,0.16635063043266843,-1.2408994677376792,1.2318407124745,0
892,1.1849086062861134,-0.8639495737954371,1.2496915875274566,0
893,2.2479620476726865,-1.4648606499553356,-0.30315686019483956,0
894,-0.8151938200976719,0.7224556669365517,1.0305225190875396,2
895,1.0941933103352413,-0.5819586211473674,-0.7973188611675958,0
896,-1.0466462938127945,0.6474229866286184,1.8530511396415363,2
897,1.9503964489526013,-1.3178560629522378,0.19811791104056317,0
898,-0.04572018455714378,-1.8886816077795245,1.2004664484535055,0
899,-0.44998891244264055,-0.47806721799037993,1.1239916801827396,2
900,-1.0466462938127945,0.7599720070905183,-1.2875126857194328,1
901,-1.3299212276902992,0.32228137146068975,-1.680083163889554,1
902,-0.44998891244264055,0.22938376712699587,2.806436586626116,2
903,-0.3004664125050444,1.416507959784934,1.0305225190875396,2
904,-1.0466462938127945,-0.177936496758647,-0.16588274809051534,1
905,-1.0466462938127945,1.6228478306317504,-1.736164660771,1
906,0.9446708103976458,-0.7912471010539442,-0.5117186451522218,0
907,-0.8151938200976719,1.082612532414631,-0.2780457418534072,1
908,-1.3299212276902992,-0.177936496758647,-0.5584532262606365,1
909,0.16635063043266843,-1.1158450006078122,0.11021077484558267,0
910,1.593150651930182,-0.9321111296512302,-0.05371975432762351,0
911,-0.44998891244264055,-1.3141456556430364,-0.5584532262606365,0
912,1.1403610885977589,-0.2779800710027758,0.36288565059670447,0
913,1.386837098452227,-1.055591484530198,-0.14608927840501182,0
914,-0.1667139785651353,0.5890642351112644,-1.0631866981936493,1
915,-0.6195035418975585,1.172651748784151,-2.280956345082654,1
916,1.0462829456803273,-1.2223914066450774,0.49846729154457253,0
917,-1.0466462938127945,0.38480860555085217,-0.6145347231420822,1
918,-0.04572018455714378,0.34729226539688557,0.5886683011657463,2
919,-1.0466462938127945,-0.5155835581443465,0.2827692269610515,2
920,0.16635063043266843,0.9350482616425806,2.1809121979879484,2
921,-1.3299212276902992,1.6728696170034878,0.5631767113682808,2
922,0.16635063043266843,-0.2779800710027758,0.6278861311919892,2
923,0.3480134290274916,0.9797105702063281,0.1332185689844059,1
924,-1.3299212276902992,-0.678154364977984,0.2827692269610515,2
925,-0.44998891244264055,-0.49950512622103127,-0.9790644528714806,1
926,-1.0466462938127945,-1.641073762763345,1.404399164589969,2
927,-0.3004664125050444,0.08467788431911928,-1.7112395512951637,1
928,-1.3299212276902992,-1.1283504472757793,1.404399164589969,2
929,-1.0466462938127945,0.7599720070905183,-1.0631866981936493,1
930,-1.3299212276902992,1.6728696170034878,-0.5584532262606365,1
931,1.3098757180526772,-0.7201081228388257,-0.24299480630250353,0
932,1.348939538283142,-0.6515802912024755,-2.436333651867444,0
933,-0.8151938200976719,1.3227171094000174,0.4697075502730809,2
934,0.6481028337230273,0.005476721438377968,-0.012396546394355659,0
935,-0.6195035418975585,1.8729567654917458,1.404399164589969,2
936,-0.04572018455714378,-0.0878972803891272,0.8945673742488112,2
937,0.3480134290274916,1.0011484799376333,0.43231988493769713,2
938,-0.6195035418975585,1.1226299624124136,-0.8388607106678659,1
939,-0.44998891244264055,0.3794491277428623,-0.8388607106678659,1
940,-0.1667139785651353,-1.2450679500103567,-0.2780457418534072,0
941,-0.1667139785651353,-1.3784593816855786,-0.8388607106678659,0
942,-1.3299212276902992,0.5223685199489478,0.002361742553822158,1
943,-1.3299212276902992,-0.5280890043621176,1.6848066489971982,2
944,-0.1667139785651353,0.6724338805648143,1.292236170827077,2
945,0.6481028337230273,0.5640533411750691,-0.30756231862813277,1
946,1.593150651930182,-0.9128719807350413,0.25472847852032865,0
947,-0.1667139785651353,0.5723903063206852,-0.2780457418534072,1
948,-0.3004664125050444,0.3660504354738689,0.03351812995943198,1
949,0.4299434028050183,0.35229444358386347,-0.7687588395660585,1
950,-1.3299212276902992,1.472782470015884,0.5631767113682808,2
951,-1.3299212276902992,0.9225428139241555,2.526029102218886,2
952,-0.1667139785651353,0.10552029568250676,-1.736164660771,1
953,0.06473849514998695,0.49053647257537025,1.404399164589969,2
954,-0.8151938200976719,-0.9282632998379793,-1.0257990339798955,1
955,0.06473849514998695,0.6269595278171264,-1.212737356170295,1
956,1.348939538283142,-1.4253548068780368,-0.023129847243643337,0
957,1.5280351489706863,-0.9160958381785899,-1.3996756794823246,0
958,-0.1667139785651353,1.3894128245623345,-0.2780457418534072,1
959,0.713218336682523,-1.157310429127955,-0.2780457418534072,0
960,1.8764255858076864,-1.1732679701975426,0.372499621971365,0
961,1.1403610885977589,-0.3168859053476785,0.5631767113682808,0
962,1.8507787743904995,-1.5910519759414112,0.740577364425417,0
963,2.756357901055346,-1.9377939075765176,0.26033662820847314,0
964,-0.8151938200976719,0.542377234197512,-0.4649840651654366,1
965,0.4299434028050183,-0.5180846479881621,1.2641954223863543,2
966,-1.0466462938127945,2.223109273095216,2.526029102218886,2
967,2.086541860014896,-1.3370620408208544,-0.3255724337265946,0
968,0.06473849514998695,-0.15065188601042642,-0.8388607106678659,1
969,-0.6195035418975585,-0.3029909634383179,-1.1593264074537364,1
970,0.9964932705600276,-0.08414564637373048,0.8211515970229318,0
971,0.8906424869738587,-0.8532306195300461,0.672901379228572,0
972,1.0462829456803273,-0.4360489170179374,-1.1839776148988035,0
973,-0.6195035418975585,1.9730003382352206,1.404399164589969,2
974,1.3098757180526772,-0.5458386706876572,-0.17289293520069618,0
975,-1.0466462938127945,-1.3784593816855786,1.404399164589969,2
976,0.26042877335010006,-0.08558858184088901,0.44300207535398695,2
977,0.3480134290274916,0.3258543571662342,-1.8857153187476454,1
978,0.3480134290274916,0.3794491277428623,-0.6893100526912203,1
979,1.7978763703199208,-1.1109515648833592,0.09185349284882585,0
980,-0.6195035418975585,-1.653579209431312,0.12253637856811608,0
981,0.26042877335010006,1.3342605991399006,-0.35816216548906016,1
982,-0.6195035418975585,0.9225428139241555,0.7634677721398573,2
983,1.9015645060448538,-1.957711673662823,-0.42099857660155143,0
984,-0.1667139785651353,0.03882457901953623,0.17060623319815968,2
985,0.7751561809427275,-0.9132567637763926,2.526029102218886,2
986,-0.44998891244264055,0.5080765801280774,-0.2780457418534072,1
987,-1.3299212276902992,1.4227606836441467,-2.521305617111242,1
988,-1.3299212276902992,-0.47806721799037993,0.002361742553822158,2
989,-0.1667139785651353,-0.177936496758647,1.9652141334044275,2
990,-0.8151938200976719,-0.14792342463547384,-1.0257990339798955,1
991,0.834212130690515,0.15792407252460713,1.2514496280484364,2
992,0.26042877335010006,-0.03941462588266374,-0.2780457418534072,1
993,-0.04572018455714378,0.34729226539688557,-0.5329616364631711,1
994,1.4593982179902727,-0.9068253911571318,0.0958309036490221,0
995,-1.0466462938127945,0.6474229866286184,0.955747189538402,2
996,0.5794659027426139,0.28991433357324875,-0.9634862591686757,1
997,1.0941933103352413,-1.0494699373046608,-0.423442215665167,0
998,1.5610103532729542,-0.9519578304852315,0.3402887106256643,0
999,-0.44998891244264055,-0.2636881311819059,-0.6986569684642512,1
